word_length,total_time,count,average_time
5,92.6251130104065,9,10.2916792233785
8,30.293813943862915,2,15.146906971931458
6,105.02882409095764,10,10.502882409095765
4,127.61295104026794,7,18.230421577181136
3,56.58139681816101,5,11.316279363632201
7,82.98533964157104,6,13.83088994026184
9,18.94414496421814,2,9.47207248210907
10,7.2654218673706055,1,7.2654218673706055
