word_length,total_time,count,average_time
5,37.21765327453613,4,9.304413318634033
8,30.293813943862915,2,15.146906971931458
6,72.6282947063446,7,10.375470672334943
4,60.34930777549744,4,15.08732694387436
3,21.39732313156128,3,7.13244104385376
7,47.04369044303894,4,11.760922610759735
9,9.181975841522217,1,9.181975841522217
10,7.2654218673706055,1,7.2654218673706055
