word_length,total_time,count,average_time
5,191.7593870162964,20,9.58796935081482
8,78.60330724716187,5,15.720661449432374
6,137.45422339439392,14,9.81815881388528
4,250.67896628379822,15,16.71193108558655
3,107.16199159622192,13,8.243230122786303
7,89.99758648872375,7,12.85679806981768
9,72.02347540855408,7,10.289067915507726
10,21.44686794281006,2,10.72343397140503
11,39.7663357257843,2,19.88316786289215
15,15.410810947418213,1,15.410810947418213
