word_length,total_time,count,average_time
5,215.92630887031555,21,10.282205184300741
8,78.60330724716187,5,15.720661449432374
6,137.45422339439392,14,9.81815881388528
4,275.00117349624634,18,15.277842972013685
3,116.90115785598755,15,7.793410523732503
7,89.99758648872375,7,12.85679806981768
9,72.02347540855408,7,10.289067915507726
10,34.96491575241089,3,11.654971917470297
11,39.7663357257843,2,19.88316786289215
15,15.410810947418213,1,15.410810947418213
